<?xml version="1.0" ?>
<jobSummary archiveFilename="/root/.pyats/archive/21-Jan/script_argument_demo_job.2021Jan07_00:39:16.217511.zip" atsTreePath="/root/network-test-virtualenv">
  <jobName>script_argument_demo_job</jobName>
  <image/>
  <aborted>0</aborted>
  <passed>1</passed>
  <passx>0</passx>
  <failed>0</failed>
  <blocked>0</blocked>
  <skipped>0</skipped>
  <errored>0</errored>
  <unknown>0</unknown>
  <never_ran>0</never_ran>
  <total>1</total>
  <success_rate>100.0</success_rate>
  <starttime>2021-01-07T00:39:19</starttime>
  <stoptime>2021-01-07T00:39:19</stoptime>
  <runtime>00:00:00</runtime>
  <testbed>IOS_Testbed</testbed>
  <release/>
  <submitter>root</submitter>
  <debugProfile>0</debugProfile>
  <host>centos7-7</host>
</jobSummary>
