{"version": "3.0", "report": {"type": "TestSuite", "id": "script_argument_demo_job.2021Jan07_00:39:16.217511", "fullid": "script_argument_demo_job.2021Jan07_00:39:16.217511", "idlist": ["script_argument_demo_job.2021Jan07_00:39:16.217511"], "name": "script_argument_demo_job", "starttime": "2021-01-07 00:39:19.879879", "stoptime": "2021-01-07 00:39:19.982620", "runtime": 0.102741, "cli": "/root/network-test-virtualenv/bin/pyats run job script_argument_demo_job.py --testbed-file ios_testbed.yaml", "jobfile": "/root/network-test-virtualenv/bin/network-testing/networktest/script_argument_demo_job.py", "pyatspath": "/root/network-test-virtualenv", "pyatsversion": "20.12", "host": "centos7-7", "submitter": "root", "archivefile": "/root/.pyats/archive/21-Jan/script_argument_demo_job.2021Jan07_00:39:16.217511.zip", "summary": {"passed": 1, "passx": 0, "failed": 0, "errored": 0, "aborted": 0, "blocked": 0, "skipped": 0, "total": 1, "success_rate": 100.0}, "pluginsummary": {"passed": 0, "passx": 0, "failed": 0, "errored": 0, "aborted": 0, "blocked": 0, "skipped": 0, "total": 0, "success_rate": 0.0}, "extra": {"testbed": "IOS_Testbed"}, "totaltasks": 1, "tasks": [{"type": "Task", "id": "Task-1", "fullid": "Task-1", "idlist": ["Task-1"], "name": "argadd_basic", "starttime": "2021-01-07 00:39:19.940556", "stoptime": "2021-01-07 00:39:19.957318", "runtime": 0.016762, "logfile": "TaskLog.Task-1", "testscript": "/root/network-test-virtualenv/bin/network-testing/networktest/argadd_basic.py", "parameters": {"runinfo_dir": "/root/.pyats/runinfo/script_argument_demo_job.2021Jan07_00:39:16.217511", "testbed": "<pyats.topology.testbed.Testbed object at 0x7fb331b2e550>", "vlan": 50}, "summary": {"passed": 1, "passx": 0, "failed": 0, "errored": 0, "aborted": 0, "blocked": 0, "skipped": 0, "total": 1, "success_rate": 100.0}, "pluginsummary": {"passed": 0, "passx": 0, "failed": 0, "errored": 0, "aborted": 0, "blocked": 0, "skipped": 0, "total": 0, "success_rate": 0.0}, "sections": [{"type": "Testcase", "id": "Testcase", "fullid": "Task-1.Testcase", "idlist": ["Task-1", "Testcase"], "name": "Testcase", "starttime": "2021-01-07 00:39:19.949289", "stoptime": "2021-01-07 00:39:19.956558", "runtime": 0.007269, "xref": {"file": "/root/network-test-virtualenv/bin/network-testing/networktest/argadd_basic.py", "line": 13}, "logs": {"file": "TaskLog.Task-1", "begin": 0, "begin_lines": 0, "size": 1515, "size_lines": 10}, "result": {"value": "passed"}, "sections": [{"type": "TestSection", "id": "test", "fullid": "Task-1.Testcase.test", "idlist": ["Task-1", "Testcase", "test"], "name": "test", "starttime": "2021-01-07 00:39:19.952401", "stoptime": "2021-01-07 00:39:19.955120", "runtime": 0.002719, "xref": {"file": "/root/network-test-virtualenv/bin/network-testing/networktest/argadd_basic.py", "line": 15}, "logs": {"file": "TaskLog.Task-1", "begin": 516, "begin_lines": 3, "size": 874, "size_lines": 6}, "result": {"value": "passed"}}]}]}]}}